STRUCTURE,STRUCTURE_ID,STRUCTURE_NAME,freq,Time frequency,age,Age class,statinfo,Statistical information,geo,Geopolitical entity (reporting),TIME_PERIOD,Time,OBS_VALUE,Observation value,OBS_FLAG,Observation status (Flag) V2 structure,CONF_STATUS,Confidentiality status (flag)
dataflow,ESTAT:TESSI190(1.0),Gini coefficient of equivalised disposable income,A,Annual,TOTAL,Total,GINI_HND,Gini coefficient (scale from 0 to 100),AT,Austria,2014,,27.6,,,,,
dataflow,ESTAT:TESSI190(1.0),Gini coefficient of equivalised disposable income,A,Annual,TOTAL,Total,GINI_HND,Gini coefficient (scale from 0 to 100),AT,Austria,2015,,27.2,,,,,
dataflow,ESTAT:TESSI190(1.0),Gini coefficient of equivalised disposable income,A,Annual,TOTAL,Total,GINI_HND,Gini coefficient (scale from 0 to 100),AT,Austria,2016,,27.2,,,,,
dataflow,ESTAT:TESSI190(1.0),Gini coefficient of equivalised disposable income,A,Annual,TOTAL,Total,GINI_HND,Gini coefficient (scale from 0 to 100),AT,Austria,2017,,27.9,,,,,
dataflow,ESTAT:TESSI190(1.0),Gini coefficient of equivalised disposable income,A,Annual,TOTAL,Total,GINI_HND,Gini coefficient (scale from 0 to 100),AT,Austria,2018,,26.8,,,,,
dataflow,ESTAT:TESSI190(1.0),Gini coefficient of equivalised disposable income,A,Annual,TOTAL,Total,GINI_HND,Gini coefficient (scale from 0 to 100),AT,Austria,2019,,27.5,,,,,
dataflow,ESTAT:TESSI190(1.0),Gini coefficient of equivalised disposable income,A,Annual,TOTAL,Total,GINI_HND,Gini coefficient (scale from 0 to 100),AT,Austria,2020,,27.0,,,,,
dataflow,ESTAT:TESSI190(1.0),Gini coefficient of equivalised disposable income,A,Annual,TOTAL,Total,GINI_HND,Gini coefficient (scale from 0 to 100),AT,Austria,2021,,26.7,,,,,
dataflow,ESTAT:TESSI190(1.0),Gini coefficient of equivalised disposable income,A,Annual,TOTAL,Total,GINI_HND,Gini coefficient (scale from 0 to 100),AT,Austria,2022,,27.8,,,,,
dataflow,ESTAT:TESSI190(1.0),Gini coefficient of equivalised disposable income,A,Annual,TOTAL,Total,GINI_HND,Gini coefficient (scale from 0 to 100),AT,Austria,2023,,28.1,,,,,
dataflow,ESTAT:TESSI190(1.0),Gini coefficient of equivalised disposable income,A,Annual,TOTAL,Total,GINI_HND,Gini coefficient (scale from 0 to 100),BE,Belgium,2014,,25.9,,,,,
dataflow,ESTAT:TESSI190(1.0),Gini coefficient of equivalised disposable income,A,Annual,TOTAL,Total,GINI_HND,Gini coefficient (scale from 0 to 100),BE,Belgium,2015,,26.2,,,,,
dataflow,ESTAT:TESSI190(1.0),Gini coefficient of equivalised disposable income,A,Annual,TOTAL,Total,GINI_HND,Gini coefficient (scale from 0 to 100),BE,Belgium,2016,,26.3,,,,,
dataflow,ESTAT:TESSI190(1.0),Gini coefficient of equivalised disposable income,A,Annual,TOTAL,Total,GINI_HND,Gini coefficient (scale from 0 to 100),BE,Belgium,2017,,26.1,,,,,
dataflow,ESTAT:TESSI190(1.0),Gini coefficient of equivalised disposable income,A,Annual,TOTAL,Total,GINI_HND,Gini coefficient (scale from 0 to 100),BE,Belgium,2018,,25.7,,,,,
dataflow,ESTAT:TESSI190(1.0),Gini coefficient of equivalised disposable income,A,Annual,TOTAL,Total,GINI_HND,Gini coefficient (scale from 0 to 100),BE,Belgium,2019,,25.1,,b,break in time series,,
dataflow,ESTAT:TESSI190(1.0),Gini coefficient of equivalised disposable income,A,Annual,TOTAL,Total,GINI_HND,Gini coefficient (scale from 0 to 100),BE,Belgium,2020,,25.4,,,,,
dataflow,ESTAT:TESSI190(1.0),Gini coefficient of equivalised disposable income,A,Annual,TOTAL,Total,GINI_HND,Gini coefficient (scale from 0 to 100),BE,Belgium,2021,,24.1,,,,,
dataflow,ESTAT:TESSI190(1.0),Gini coefficient of equivalised disposable income,A,Annual,TOTAL,Total,GINI_HND,Gini coefficient (scale from 0 to 100),BE,Belgium,2022,,24.9,,,,,
dataflow,ESTAT:TESSI190(1.0),Gini coefficient of equivalised disposable income,A,Annual,TOTAL,Total,GINI_HND,Gini coefficient (scale from 0 to 100),BE,Belgium,2023,,24.2,,,,,
dataflow,ESTAT:TESSI190(1.0),Gini coefficient of equivalised disposable income,A,Annual,TOTAL,Total,GINI_HND,Gini coefficient (scale from 0 to 100),BE,Belgium,2024,,24.7,,,,,
dataflow,ESTAT:TESSI190(1.0),Gini coefficient of equivalised disposable income,A,Annual,TOTAL,Total,GINI_HND,Gini coefficient (scale from 0 to 100),BG,Bulgaria,2014,,35.4,,,,,
dataflow,ESTAT:TESSI190(1.0),Gini coefficient of equivalised disposable income,A,Annual,TOTAL,Total,GINI_HND,Gini coefficient (scale from 0 to 100),BG,Bulgaria,2015,,37.0,,,,,
dataflow,ESTAT:TESSI190(1.0),Gini coefficient of equivalised disposable income,A,Annual,TOTAL,Total,GINI_HND,Gini coefficient (scale from 0 to 100),BG,Bulgaria,2016,,37.7,,b,break in time series,,
dataflow,ESTAT:TESSI190(1.0),Gini coefficient of equivalised disposable income,A,Annual,TOTAL,Total,GINI_HND,Gini coefficient (scale from 0 to 100),BG,Bulgaria,2017,,40.2,,,,,
dataflow,ESTAT:TESSI190(1.0),Gini coefficient of equivalised disposable income,A,Annual,TOTAL,Total,GINI_HND,Gini coefficient (scale from 0 to 100),BG,Bulgaria,2018,,39.6,,,,,
dataflow,ESTAT:TESSI190(1.0),Gini coefficient of equivalised disposable income,A,Annual,TOTAL,Total,GINI_HND,Gini coefficient (scale from 0 to 100),BG,Bulgaria,2019,,40.8,,,,,
dataflow,ESTAT:TESSI190(1.0),Gini coefficient of equivalised disposable income,A,Annual,TOTAL,Total,GINI_HND,Gini coefficient (scale from 0 to 100),BG,Bulgaria,2020,,40.0,,,,,
dataflow,ESTAT:TESSI190(1.0),Gini coefficient of equivalised disposable income,A,Annual,TOTAL,Total,GINI_HND,Gini coefficient (scale from 0 to 100),BG,Bulgaria,2021,,39.7,,,,,
dataflow,ESTAT:TESSI190(1.0),Gini coefficient of equivalised disposable income,A,Annual,TOTAL,Total,GINI_HND,Gini coefficient (scale from 0 to 100),BG,Bulgaria,2022,,38.4,,,,,
dataflow,ESTAT:TESSI190(1.0),Gini coefficient of equivalised disposable income,A,Annual,TOTAL,Total,GINI_HND,Gini coefficient (scale from 0 to 100),BG,Bulgaria,2023,,37.2,,,,,
dataflow,ESTAT:TESSI190(1.0),Gini coefficient of equivalised disposable income,A,Annual,TOTAL,Total,GINI_HND,Gini coefficient (scale from 0 to 100),BG,Bulgaria,2024,,38.4,,,,,
dataflow,ESTAT:TESSI190(1.0),Gini coefficient of equivalised disposable income,A,Annual,TOTAL,Total,GINI_HND,Gini coefficient (scale from 0 to 100),CH,Switzerland,2014,,29.5,,b,break in time series,,
dataflow,ESTAT:TESSI190(1.0),Gini coefficient of equivalised disposable income,A,Annual,TOTAL,Total,GINI_HND,Gini coefficient (scale from 0 to 100),CH,Switzerland,2015,,29.6,,,,,
dataflow,ESTAT:TESSI190(1.0),Gini coefficient of equivalised disposable income,A,Annual,TOTAL,Total,GINI_HND,Gini coefficient (scale from 0 to 100),CH,Switzerland,2016,,29.4,,,,,
dataflow,ESTAT:TESSI190(1.0),Gini coefficient of equivalised disposable income,A,Annual,TOTAL,Total,GINI_HND,Gini coefficient (scale from 0 to 100),CH,Switzerland,2017,,30.1,,,,,
dataflow,ESTAT:TESSI190(1.0),Gini coefficient of equivalised disposable income,A,Annual,TOTAL,Total,GINI_HND,Gini coefficient (scale from 0 to 100),CH,Switzerland,2018,,29.7,,,,,
dataflow,ESTAT:TESSI190(1.0),Gini coefficient of equivalised disposable income,A,Annual,TOTAL,Total,GINI_HND,Gini coefficient (scale from 0 to 100),CH,Switzerland,2019,,30.6,,,,,
dataflow,ESTAT:TESSI190(1.0),Gini coefficient of equivalised disposable income,A,Annual,TOTAL,Total,GINI_HND,Gini coefficient (scale from 0 to 100),CH,Switzerland,2020,,31.2,,,,,
dataflow,ESTAT:TESSI190(1.0),Gini coefficient of equivalised disposable income,A,Annual,TOTAL,Total,GINI_HND,Gini coefficient (scale from 0 to 100),CH,Switzerland,2021,,31.4,,,,,
dataflow,ESTAT:TESSI190(1.0),Gini coefficient of equivalised disposable income,A,Annual,TOTAL,Total,GINI_HND,Gini coefficient (scale from 0 to 100),CH,Switzerland,2022,,31.1,,,,,
dataflow,ESTAT:TESSI190(1.0),Gini coefficient of equivalised disposable income,A,Annual,TOTAL,Total,GINI_HND,Gini coefficient (scale from 0 to 100),CH,Switzerland,2023,,31.5,,,,,
dataflow,ESTAT:TESSI190(1.0),Gini coefficient of equivalised disposable income,A,Annual,TOTAL,Total,GINI_HND,Gini coefficient (scale from 0 to 100),CY,Cyprus,2014,,34.8,,,,,
dataflow,ESTAT:TESSI190(1.0),Gini coefficient of equivalised disposable income,A,Annual,TOTAL,Total,GINI_HND,Gini coefficient (scale from 0 to 100),CY,Cyprus,2015,,33.6,,,,,
dataflow,ESTAT:TESSI190(1.0),Gini coefficient of equivalised disposable income,A,Annual,TOTAL,Total,GINI_HND,Gini coefficient (scale from 0 to 100),CY,Cyprus,2016,,32.1,,,,,
dataflow,ESTAT:TESSI190(1.0),Gini coefficient of equivalised disposable income,A,Annual,TOTAL,Total,GINI_HND,Gini coefficient (scale from 0 to 100),CY,Cyprus,2017,,30.8,,,,,
dataflow,ESTAT:TESSI190(1.0),Gini coefficient of equivalised disposable income,A,Annual,TOTAL,Total,GINI_HND,Gini coefficient (scale from 0 to 100),CY,Cyprus,2018,,29.1,,,,,
dataflow,ESTAT:TESSI190(1.0),Gini coefficient of equivalised disposable income,A,Annual,TOTAL,Total,GINI_HND,Gini coefficient (scale from 0 to 100),CY,Cyprus,2019,,31.1,,,,,
dataflow,ESTAT:TESSI190(1.0),Gini coefficient of equivalised disposable income,A,Annual,TOTAL,Total,GINI_HND,Gini coefficient (scale from 0 to 100),CY,Cyprus,2020,,29.3,,,,,
dataflow,ESTAT:TESSI190(1.0),Gini coefficient of equivalised disposable income,A,Annual,TOTAL,Total,GINI_HND,Gini coefficient (scale from 0 to 100),CY,Cyprus,2021,,29.4,,,,,
dataflow,ESTAT:TESSI190(1.0),Gini coefficient of equivalised disposable income,A,Annual,TOTAL,Total,GINI_HND,Gini coefficient (scale from 0 to 100),CY,Cyprus,2022,,29.4,,,,,
dataflow,ESTAT:TESSI190(1.0),Gini coefficient of equivalised disposable income,A,Annual,TOTAL,Total,GINI_HND,Gini coefficient (scale from 0 to 100),CY,Cyprus,2023,,29.6,,,,,
dataflow,ESTAT:TESSI190(1.0),Gini coefficient of equivalised disposable income,A,Annual,TOTAL,Total,GINI_HND,Gini coefficient (scale from 0 to 100),CY,Cyprus,2024,,30.1,,b,break in time series,,
dataflow,ESTAT:TESSI190(1.0),Gini coefficient of equivalised disposable income,A,Annual,TOTAL,Total,GINI_HND,Gini coefficient (scale from 0 to 100),CZ,Czechia,2014,,25.1,,,,,
dataflow,ESTAT:TESSI190(1.0),Gini coefficient of equivalised disposable income,A,Annual,TOTAL,Total,GINI_HND,Gini coefficient (scale from 0 to 100),CZ,Czechia,2015,,25.0,,,,,
dataflow,ESTAT:TESSI190(1.0),Gini coefficient of equivalised disposable income,A,Annual,TOTAL,Total,GINI_HND,Gini coefficient (scale from 0 to 100),CZ,Czechia,2016,,25.1,,,,,
dataflow,ESTAT:TESSI190(1.0),Gini coefficient of equivalised disposable income,A,Annual,TOTAL,Total,GINI_HND,Gini coefficient (scale from 0 to 100),CZ,Czechia,2017,,24.5,,,,,
dataflow,ESTAT:TESSI190(1.0),Gini coefficient of equivalised disposable income,A,Annual,TOTAL,Total,GINI_HND,Gini coefficient (scale from 0 to 100),CZ,Czechia,2018,,24.0,,,,,
dataflow,ESTAT:TESSI190(1.0),Gini coefficient of equivalised disposable income,A,Annual,TOTAL,Total,GINI_HND,Gini coefficient (scale from 0 to 100),CZ,Czechia,2019,,24.0,,,,,
dataflow,ESTAT:TESSI190(1.0),Gini coefficient of equivalised disposable income,A,Annual,TOTAL,Total,GINI_HND,Gini coefficient (scale from 0 to 100),CZ,Czechia,2020,,24.2,,,,,
dataflow,ESTAT:TESSI190(1.0),Gini coefficient of equivalised disposable income,A,Annual,TOTAL,Total,GINI_HND,Gini coefficient (scale from 0 to 100),CZ,Czechia,2021,,24.8,,,,,
dataflow,ESTAT:TESSI190(1.0),Gini coefficient of equivalised disposable income,A,Annual,TOTAL,Total,GINI_HND,Gini coefficient (scale from 0 to 100),CZ,Czechia,2022,,24.8,,,,,
dataflow,ESTAT:TESSI190(1.0),Gini coefficient of equivalised disposable income,A,Annual,TOTAL,Total,GINI_HND,Gini coefficient (scale from 0 to 100),CZ,Czechia,2023,,24.4,,,,,
dataflow,ESTAT:TESSI190(1.0),Gini coefficient of equivalised disposable income,A,Annual,TOTAL,Total,GINI_HND,Gini coefficient (scale from 0 to 100),CZ,Czechia,2024,,23.7,,,,,
dataflow,ESTAT:TESSI190(1.0),Gini coefficient of equivalised disposable income,A,Annual,TOTAL,Total,GINI_HND,Gini coefficient (scale from 0 to 100),DE,Germany,2014,,30.7,,,,,
dataflow,ESTAT:TESSI190(1.0),Gini coefficient of equivalised disposable income,A,Annual,TOTAL,Total,GINI_HND,Gini coefficient (scale from 0 to 100),DE,Germany,2015,,30.1,,,,,
dataflow,ESTAT:TESSI190(1.0),Gini coefficient of equivalised disposable income,A,Annual,TOTAL,Total,GINI_HND,Gini coefficient (scale from 0 to 100),DE,Germany,2016,,29.5,,,,,
dataflow,ESTAT:TESSI190(1.0),Gini coefficient of equivalised disposable income,A,Annual,TOTAL,Total,GINI_HND,Gini coefficient (scale from 0 to 100),DE,Germany,2017,,29.1,,,,,
dataflow,ESTAT:TESSI190(1.0),Gini coefficient of equivalised disposable income,A,Annual,TOTAL,Total,GINI_HND,Gini coefficient (scale from 0 to 100),DE,Germany,2018,,31.1,,,,,
dataflow,ESTAT:TESSI190(1.0),Gini coefficient of equivalised disposable income,A,Annual,TOTAL,Total,GINI_HND,Gini coefficient (scale from 0 to 100),DE,Germany,2019,,29.7,,,,,
dataflow,ESTAT:TESSI190(1.0),Gini coefficient of equivalised disposable income,A,Annual,TOTAL,Total,GINI_HND,Gini coefficient (scale from 0 to 100),DE,Germany,2020,,30.5,,b,break in time series,,
dataflow,ESTAT:TESSI190(1.0),Gini coefficient of equivalised disposable income,A,Annual,TOTAL,Total,GINI_HND,Gini coefficient (scale from 0 to 100),DE,Germany,2021,,31.2,,,,,
dataflow,ESTAT:TESSI190(1.0),Gini coefficient of equivalised disposable income,A,Annual,TOTAL,Total,GINI_HND,Gini coefficient (scale from 0 to 100),DE,Germany,2022,,29.0,,,,,
dataflow,ESTAT:TESSI190(1.0),Gini coefficient of equivalised disposable income,A,Annual,TOTAL,Total,GINI_HND,Gini coefficient (scale from 0 to 100),DE,Germany,2023,,29.4,,,,,
dataflow,ESTAT:TESSI190(1.0),Gini coefficient of equivalised disposable income,A,Annual,TOTAL,Total,GINI_HND,Gini coefficient (scale from 0 to 100),DE,Germany,2024,,29.5,,,,,
dataflow,ESTAT:TESSI190(1.0),Gini coefficient of equivalised disposable income,A,Annual,TOTAL,Total,GINI_HND,Gini coefficient (scale from 0 to 100),DK,Denmark,2014,,27.7,,,,,
dataflow,ESTAT:TESSI190(1.0),Gini coefficient of equivalised disposable income,A,Annual,TOTAL,Total,GINI_HND,Gini coefficient (scale from 0 to 100),DK,Denmark,2015,,27.4,,,,,
dataflow,ESTAT:TESSI190(1.0),Gini coefficient of equivalised disposable income,A,Annual,TOTAL,Total,GINI_HND,Gini coefficient (scale from 0 to 100),DK,Denmark,2016,,27.7,,,,,
dataflow,ESTAT:TESSI190(1.0),Gini coefficient of equivalised disposable income,A,Annual,TOTAL,Total,GINI_HND,Gini coefficient (scale from 0 to 100),DK,Denmark,2017,,27.6,,,,,
dataflow,ESTAT:TESSI190(1.0),Gini coefficient of equivalised disposable income,A,Annual,TOTAL,Total,GINI_HND,Gini coefficient (scale from 0 to 100),DK,Denmark,2018,,27.8,,,,,
dataflow,ESTAT:TESSI190(1.0),Gini coefficient of equivalised disposable income,A,Annual,TOTAL,Total,GINI_HND,Gini coefficient (scale from 0 to 100),DK,Denmark,2019,,27.5,,,,,
dataflow,ESTAT:TESSI190(1.0),Gini coefficient of equivalised disposable income,A,Annual,TOTAL,Total,GINI_HND,Gini coefficient (scale from 0 to 100),DK,Denmark,2020,,27.3,,b,break in time series,,
dataflow,ESTAT:TESSI190(1.0),Gini coefficient of equivalised disposable income,A,Annual,TOTAL,Total,GINI_HND,Gini coefficient (scale from 0 to 100),DK,Denmark,2021,,27.0,,,,,
dataflow,ESTAT:TESSI190(1.0),Gini coefficient of equivalised disposable income,A,Annual,TOTAL,Total,GINI_HND,Gini coefficient (scale from 0 to 100),DK,Denmark,2022,,27.7,,,,,
dataflow,ESTAT:TESSI190(1.0),Gini coefficient of equivalised disposable income,A,Annual,TOTAL,Total,GINI_HND,Gini coefficient (scale from 0 to 100),DK,Denmark,2023,,28.2,,,,,
dataflow,ESTAT:TESSI190(1.0),Gini coefficient of equivalised disposable income,A,Annual,TOTAL,Total,GINI_HND,Gini coefficient (scale from 0 to 100),DK,Denmark,2024,,28.6,,,,,
dataflow,ESTAT:TESSI190(1.0),Gini coefficient of equivalised disposable income,A,Annual,TOTAL,Total,GINI_HND,Gini coefficient (scale from 0 to 100),EA20,Euro area – 20 countries (from 2023),2014,,31.0,,,,,
dataflow,ESTAT:TESSI190(1.0),Gini coefficient of equivalised disposable income,A,Annual,TOTAL,Total,GINI_HND,Gini coefficient (scale from 0 to 100),EA20,Euro area – 20 countries (from 2023),2015,,30.7,,,,,
dataflow,ESTAT:TESSI190(1.0),Gini coefficient of equivalised disposable income,A,Annual,TOTAL,Total,GINI_HND,Gini coefficient (scale from 0 to 100),EA20,Euro area – 20 countries (from 2023),2016,,30.7,,,,,
dataflow,ESTAT:TESSI190(1.0),Gini coefficient of equivalised disposable income,A,Annual,TOTAL,Total,GINI_HND,Gini coefficient (scale from 0 to 100),EA20,Euro area – 20 countries (from 2023),2017,,30.4,,,,,
dataflow,ESTAT:TESSI190(1.0),Gini coefficient of equivalised disposable income,A,Annual,TOTAL,Total,GINI_HND,Gini coefficient (scale from 0 to 100),EA20,Euro area – 20 countries (from 2023),2018,,30.6,,,,,
dataflow,ESTAT:TESSI190(1.0),Gini coefficient of equivalised disposable income,A,Annual,TOTAL,Total,GINI_HND,Gini coefficient (scale from 0 to 100),EA20,Euro area – 20 countries (from 2023),2019,,30.2,,,,,
dataflow,ESTAT:TESSI190(1.0),Gini coefficient of equivalised disposable income,A,Annual,TOTAL,Total,GINI_HND,Gini coefficient (scale from 0 to 100),EA20,Euro area – 20 countries (from 2023),2020,,30.2,,b,break in time series,,
dataflow,ESTAT:TESSI190(1.0),Gini coefficient of equivalised disposable income,A,Annual,TOTAL,Total,GINI_HND,Gini coefficient (scale from 0 to 100),EA20,Euro area – 20 countries (from 2023),2021,,30.6,,,,,
dataflow,ESTAT:TESSI190(1.0),Gini coefficient of equivalised disposable income,A,Annual,TOTAL,Total,GINI_HND,Gini coefficient (scale from 0 to 100),EA20,Euro area – 20 countries (from 2023),2022,,29.9,,,,,
dataflow,ESTAT:TESSI190(1.0),Gini coefficient of equivalised disposable income,A,Annual,TOTAL,Total,GINI_HND,Gini coefficient (scale from 0 to 100),EA20,Euro area – 20 countries (from 2023),2023,,29.8,,,,,
dataflow,ESTAT:TESSI190(1.0),Gini coefficient of equivalised disposable income,A,Annual,TOTAL,Total,GINI_HND,Gini coefficient (scale from 0 to 100),EE,Estonia,2014,,35.6,,b,break in time series,,
dataflow,ESTAT:TESSI190(1.0),Gini coefficient of equivalised disposable income,A,Annual,TOTAL,Total,GINI_HND,Gini coefficient (scale from 0 to 100),EE,Estonia,2015,,34.8,,,,,
dataflow,ESTAT:TESSI190(1.0),Gini coefficient of equivalised disposable income,A,Annual,TOTAL,Total,GINI_HND,Gini coefficient (scale from 0 to 100),EE,Estonia,2016,,32.7,,,,,
dataflow,ESTAT:TESSI190(1.0),Gini coefficient of equivalised disposable income,A,Annual,TOTAL,Total,GINI_HND,Gini coefficient (scale from 0 to 100),EE,Estonia,2017,,31.6,,,,,
dataflow,ESTAT:TESSI190(1.0),Gini coefficient of equivalised disposable income,A,Annual,TOTAL,Total,GINI_HND,Gini coefficient (scale from 0 to 100),EE,Estonia,2018,,30.6,,,,,
dataflow,ESTAT:TESSI190(1.0),Gini coefficient of equivalised disposable income,A,Annual,TOTAL,Total,GINI_HND,Gini coefficient (scale from 0 to 100),EE,Estonia,2019,,30.5,,,,,
dataflow,ESTAT:TESSI190(1.0),Gini coefficient of equivalised disposable income,A,Annual,TOTAL,Total,GINI_HND,Gini coefficient (scale from 0 to 100),EE,Estonia,2020,,30.5,,,,,
dataflow,ESTAT:TESSI190(1.0),Gini coefficient of equivalised disposable income,A,Annual,TOTAL,Total,GINI_HND,Gini coefficient (scale from 0 to 100),EE,Estonia,2021,,30.6,,,,,
dataflow,ESTAT:TESSI190(1.0),Gini coefficient of equivalised disposable income,A,Annual,TOTAL,Total,GINI_HND,Gini coefficient (scale from 0 to 100),EE,Estonia,2022,,31.9,,,,,
dataflow,ESTAT:TESSI190(1.0),Gini coefficient of equivalised disposable income,A,Annual,TOTAL,Total,GINI_HND,Gini coefficient (scale from 0 to 100),EE,Estonia,2023,,31.8,,,,,
dataflow,ESTAT:TESSI190(1.0),Gini coefficient of equivalised disposable income,A,Annual,TOTAL,Total,GINI_HND,Gini coefficient (scale from 0 to 100),EE,Estonia,2024,,30.8,,,,,
dataflow,ESTAT:TESSI190(1.0),Gini coefficient of equivalised disposable income,A,Annual,TOTAL,Total,GINI_HND,Gini coefficient (scale from 0 to 100),EL,Greece,2014,,34.5,,,,,
dataflow,ESTAT:TESSI190(1.0),Gini coefficient of equivalised disposable income,A,Annual,TOTAL,Total,GINI_HND,Gini coefficient (scale from 0 to 100),EL,Greece,2015,,34.2,,,,,
dataflow,ESTAT:TESSI190(1.0),Gini coefficient of equivalised disposable income,A,Annual,TOTAL,Total,GINI_HND,Gini coefficient (scale from 0 to 100),EL,Greece,2016,,34.3,,,,,
dataflow,ESTAT:TESSI190(1.0),Gini coefficient of equivalised disposable income,A,Annual,TOTAL,Total,GINI_HND,Gini coefficient (scale from 0 to 100),EL,Greece,2017,,33.4,,,,,
dataflow,ESTAT:TESSI190(1.0),Gini coefficient of equivalised disposable income,A,Annual,TOTAL,Total,GINI_HND,Gini coefficient (scale from 0 to 100),EL,Greece,2018,,32.3,,,,,
dataflow,ESTAT:TESSI190(1.0),Gini coefficient of equivalised disposable income,A,Annual,TOTAL,Total,GINI_HND,Gini coefficient (scale from 0 to 100),EL,Greece,2019,,31.0,,,,,
dataflow,ESTAT:TESSI190(1.0),Gini coefficient of equivalised disposable income,A,Annual,TOTAL,Total,GINI_HND,Gini coefficient (scale from 0 to 100),EL,Greece,2020,,31.4,,,,,
dataflow,ESTAT:TESSI190(1.0),Gini coefficient of equivalised disposable income,A,Annual,TOTAL,Total,GINI_HND,Gini coefficient (scale from 0 to 100),EL,Greece,2021,,32.4,,,,,
dataflow,ESTAT:TESSI190(1.0),Gini coefficient of equivalised disposable income,A,Annual,TOTAL,Total,GINI_HND,Gini coefficient (scale from 0 to 100),EL,Greece,2022,,31.4,,,,,
dataflow,ESTAT:TESSI190(1.0),Gini coefficient of equivalised disposable income,A,Annual,TOTAL,Total,GINI_HND,Gini coefficient (scale from 0 to 100),EL,Greece,2023,,31.8,,,,,
dataflow,ESTAT:TESSI190(1.0),Gini coefficient of equivalised disposable income,A,Annual,TOTAL,Total,GINI_HND,Gini coefficient (scale from 0 to 100),ES,Spain,2014,,34.7,,,,,
dataflow,ESTAT:TESSI190(1.0),Gini coefficient of equivalised disposable income,A,Annual,TOTAL,Total,GINI_HND,Gini coefficient (scale from 0 to 100),ES,Spain,2015,,34.6,,,,,
dataflow,ESTAT:TESSI190(1.0),Gini coefficient of equivalised disposable income,A,Annual,TOTAL,Total,GINI_HND,Gini coefficient (scale from 0 to 100),ES,Spain,2016,,34.5,,,,,
dataflow,ESTAT:TESSI190(1.0),Gini coefficient of equivalised disposable income,A,Annual,TOTAL,Total,GINI_HND,Gini coefficient (scale from 0 to 100),ES,Spain,2017,,34.1,,,,,
dataflow,ESTAT:TESSI190(1.0),Gini coefficient of equivalised disposable income,A,Annual,TOTAL,Total,GINI_HND,Gini coefficient (scale from 0 to 100),ES,Spain,2018,,33.2,,,,,
dataflow,ESTAT:TESSI190(1.0),Gini coefficient of equivalised disposable income,A,Annual,TOTAL,Total,GINI_HND,Gini coefficient (scale from 0 to 100),ES,Spain,2019,,33.0,,,,,
dataflow,ESTAT:TESSI190(1.0),Gini coefficient of equivalised disposable income,A,Annual,TOTAL,Total,GINI_HND,Gini coefficient (scale from 0 to 100),ES,Spain,2020,,32.1,,,,,
dataflow,ESTAT:TESSI190(1.0),Gini coefficient of equivalised disposable income,A,Annual,TOTAL,Total,GINI_HND,Gini coefficient (scale from 0 to 100),ES,Spain,2021,,33.0,,,,,
dataflow,ESTAT:TESSI190(1.0),Gini coefficient of equivalised disposable income,A,Annual,TOTAL,Total,GINI_HND,Gini coefficient (scale from 0 to 100),ES,Spain,2022,,32.0,,,,,
dataflow,ESTAT:TESSI190(1.0),Gini coefficient of equivalised disposable income,A,Annual,TOTAL,Total,GINI_HND,Gini coefficient (scale from 0 to 100),ES,Spain,2023,,31.5,,,,,
dataflow,ESTAT:TESSI190(1.0),Gini coefficient of equivalised disposable income,A,Annual,TOTAL,Total,GINI_HND,Gini coefficient (scale from 0 to 100),ES,Spain,2024,,31.2,,,,,
dataflow,ESTAT:TESSI190(1.0),Gini coefficient of equivalised disposable income,A,Annual,TOTAL,Total,GINI_HND,Gini coefficient (scale from 0 to 100),EU27_2020,European Union - 27 countries (from 2020),2014,,30.9,,,,,
dataflow,ESTAT:TESSI190(1.0),Gini coefficient of equivalised disposable income,A,Annual,TOTAL,Total,GINI_HND,Gini coefficient (scale from 0 to 100),EU27_2020,European Union - 27 countries (from 2020),2015,,30.8,,,,,
dataflow,ESTAT:TESSI190(1.0),Gini coefficient of equivalised disposable income,A,Annual,TOTAL,Total,GINI_HND,Gini coefficient (scale from 0 to 100),EU27_2020,European Union - 27 countries (from 2020),2016,,30.6,,,,,
dataflow,ESTAT:TESSI190(1.0),Gini coefficient of equivalised disposable income,A,Annual,TOTAL,Total,GINI_HND,Gini coefficient (scale from 0 to 100),EU27_2020,European Union - 27 countries (from 2020),2017,,30.3,,,,,
dataflow,ESTAT:TESSI190(1.0),Gini coefficient of equivalised disposable income,A,Annual,TOTAL,Total,GINI_HND,Gini coefficient (scale from 0 to 100),EU27_2020,European Union - 27 countries (from 2020),2018,,30.4,,,,,
dataflow,ESTAT:TESSI190(1.0),Gini coefficient of equivalised disposable income,A,Annual,TOTAL,Total,GINI_HND,Gini coefficient (scale from 0 to 100),EU27_2020,European Union - 27 countries (from 2020),2019,,30.2,,,,,
dataflow,ESTAT:TESSI190(1.0),Gini coefficient of equivalised disposable income,A,Annual,TOTAL,Total,GINI_HND,Gini coefficient (scale from 0 to 100),EU27_2020,European Union - 27 countries (from 2020),2020,,30.0,,b,break in time series,,
dataflow,ESTAT:TESSI190(1.0),Gini coefficient of equivalised disposable income,A,Annual,TOTAL,Total,GINI_HND,Gini coefficient (scale from 0 to 100),EU27_2020,European Union - 27 countries (from 2020),2021,,30.2,,,,,
dataflow,ESTAT:TESSI190(1.0),Gini coefficient of equivalised disposable income,A,Annual,TOTAL,Total,GINI_HND,Gini coefficient (scale from 0 to 100),EU27_2020,European Union - 27 countries (from 2020),2022,,29.6,,,,,
dataflow,ESTAT:TESSI190(1.0),Gini coefficient of equivalised disposable income,A,Annual,TOTAL,Total,GINI_HND,Gini coefficient (scale from 0 to 100),EU27_2020,European Union - 27 countries (from 2020),2023,,29.6,,,,,
dataflow,ESTAT:TESSI190(1.0),Gini coefficient of equivalised disposable income,A,Annual,TOTAL,Total,GINI_HND,Gini coefficient (scale from 0 to 100),FI,Finland,2014,,25.6,,,,,
dataflow,ESTAT:TESSI190(1.0),Gini coefficient of equivalised disposable income,A,Annual,TOTAL,Total,GINI_HND,Gini coefficient (scale from 0 to 100),FI,Finland,2015,,25.2,,,,,
dataflow,ESTAT:TESSI190(1.0),Gini coefficient of equivalised disposable income,A,Annual,TOTAL,Total,GINI_HND,Gini coefficient (scale from 0 to 100),FI,Finland,2016,,25.4,,,,,
dataflow,ESTAT:TESSI190(1.0),Gini coefficient of equivalised disposable income,A,Annual,TOTAL,Total,GINI_HND,Gini coefficient (scale from 0 to 100),FI,Finland,2017,,25.3,,,,,
dataflow,ESTAT:TESSI190(1.0),Gini coefficient of equivalised disposable income,A,Annual,TOTAL,Total,GINI_HND,Gini coefficient (scale from 0 to 100),FI,Finland,2018,,25.9,,,,,
dataflow,ESTAT:TESSI190(1.0),Gini coefficient of equivalised disposable income,A,Annual,TOTAL,Total,GINI_HND,Gini coefficient (scale from 0 to 100),FI,Finland,2019,,26.2,,,,,
dataflow,ESTAT:TESSI190(1.0),Gini coefficient of equivalised disposable income,A,Annual,TOTAL,Total,GINI_HND,Gini coefficient (scale from 0 to 100),FI,Finland,2020,,26.5,,,,,
dataflow,ESTAT:TESSI190(1.0),Gini coefficient of equivalised disposable income,A,Annual,TOTAL,Total,GINI_HND,Gini coefficient (scale from 0 to 100),FI,Finland,2021,,25.7,,,,,
dataflow,ESTAT:TESSI190(1.0),Gini coefficient of equivalised disposable income,A,Annual,TOTAL,Total,GINI_HND,Gini coefficient (scale from 0 to 100),FI,Finland,2022,,26.6,,,,,
dataflow,ESTAT:TESSI190(1.0),Gini coefficient of equivalised disposable income,A,Annual,TOTAL,Total,GINI_HND,Gini coefficient (scale from 0 to 100),FI,Finland,2023,,26.6,,,,,
dataflow,ESTAT:TESSI190(1.0),Gini coefficient of equivalised disposable income,A,Annual,TOTAL,Total,GINI_HND,Gini coefficient (scale from 0 to 100),FI,Finland,2024,,26.1,,,,,
dataflow,ESTAT:TESSI190(1.0),Gini coefficient of equivalised disposable income,A,Annual,TOTAL,Total,GINI_HND,Gini coefficient (scale from 0 to 100),FR,France,2014,,29.2,,,,,
dataflow,ESTAT:TESSI190(1.0),Gini coefficient of equivalised disposable income,A,Annual,TOTAL,Total,GINI_HND,Gini coefficient (scale from 0 to 100),FR,France,2015,,29.2,,,,,
dataflow,ESTAT:TESSI190(1.0),Gini coefficient of equivalised disposable income,A,Annual,TOTAL,Total,GINI_HND,Gini coefficient (scale from 0 to 100),FR,France,2016,,29.3,,,,,
dataflow,ESTAT:TESSI190(1.0),Gini coefficient of equivalised disposable income,A,Annual,TOTAL,Total,GINI_HND,Gini coefficient (scale from 0 to 100),FR,France,2017,,28.8,,,,,
dataflow,ESTAT:TESSI190(1.0),Gini coefficient of equivalised disposable income,A,Annual,TOTAL,Total,GINI_HND,Gini coefficient (scale from 0 to 100),FR,France,2018,,28.5,,,,,
dataflow,ESTAT:TESSI190(1.0),Gini coefficient of equivalised disposable income,A,Annual,TOTAL,Total,GINI_HND,Gini coefficient (scale from 0 to 100),FR,France,2019,,29.2,,,,,
dataflow,ESTAT:TESSI190(1.0),Gini coefficient of equivalised disposable income,A,Annual,TOTAL,Total,GINI_HND,Gini coefficient (scale from 0 to 100),FR,France,2020,,29.2,,b,break in time series,,
dataflow,ESTAT:TESSI190(1.0),Gini coefficient of equivalised disposable income,A,Annual,TOTAL,Total,GINI_HND,Gini coefficient (scale from 0 to 100),FR,France,2021,,29.3,,,,,
dataflow,ESTAT:TESSI190(1.0),Gini coefficient of equivalised disposable income,A,Annual,TOTAL,Total,GINI_HND,Gini coefficient (scale from 0 to 100),FR,France,2022,,29.8,,b,break in time series,,
dataflow,ESTAT:TESSI190(1.0),Gini coefficient of equivalised disposable income,A,Annual,TOTAL,Total,GINI_HND,Gini coefficient (scale from 0 to 100),FR,France,2023,,29.7,,,,,
dataflow,ESTAT:TESSI190(1.0),Gini coefficient of equivalised disposable income,A,Annual,TOTAL,Total,GINI_HND,Gini coefficient (scale from 0 to 100),HR,Croatia,2014,,30.2,,,,,
dataflow,ESTAT:TESSI190(1.0),Gini coefficient of equivalised disposable income,A,Annual,TOTAL,Total,GINI_HND,Gini coefficient (scale from 0 to 100),HR,Croatia,2015,,30.4,,,,,
dataflow,ESTAT:TESSI190(1.0),Gini coefficient of equivalised disposable income,A,Annual,TOTAL,Total,GINI_HND,Gini coefficient (scale from 0 to 100),HR,Croatia,2016,,29.8,,,,,
dataflow,ESTAT:TESSI190(1.0),Gini coefficient of equivalised disposable income,A,Annual,TOTAL,Total,GINI_HND,Gini coefficient (scale from 0 to 100),HR,Croatia,2017,,29.9,,,,,
dataflow,ESTAT:TESSI190(1.0),Gini coefficient of equivalised disposable income,A,Annual,TOTAL,Total,GINI_HND,Gini coefficient (scale from 0 to 100),HR,Croatia,2018,,29.7,,,,,
dataflow,ESTAT:TESSI190(1.0),Gini coefficient of equivalised disposable income,A,Annual,TOTAL,Total,GINI_HND,Gini coefficient (scale from 0 to 100),HR,Croatia,2019,,29.2,,,,,
dataflow,ESTAT:TESSI190(1.0),Gini coefficient of equivalised disposable income,A,Annual,TOTAL,Total,GINI_HND,Gini coefficient (scale from 0 to 100),HR,Croatia,2020,,28.3,,,,,
dataflow,ESTAT:TESSI190(1.0),Gini coefficient of equivalised disposable income,A,Annual,TOTAL,Total,GINI_HND,Gini coefficient (scale from 0 to 100),HR,Croatia,2021,,29.2,,,,,
dataflow,ESTAT:TESSI190(1.0),Gini coefficient of equivalised disposable income,A,Annual,TOTAL,Total,GINI_HND,Gini coefficient (scale from 0 to 100),HR,Croatia,2022,,28.5,,,,,
dataflow,ESTAT:TESSI190(1.0),Gini coefficient of equivalised disposable income,A,Annual,TOTAL,Total,GINI_HND,Gini coefficient (scale from 0 to 100),HR,Croatia,2023,,29.7,,b,break in time series,,
dataflow,ESTAT:TESSI190(1.0),Gini coefficient of equivalised disposable income,A,Annual,TOTAL,Total,GINI_HND,Gini coefficient (scale from 0 to 100),HR,Croatia,2024,,29.8,,b,break in time series,,
dataflow,ESTAT:TESSI190(1.0),Gini coefficient of equivalised disposable income,A,Annual,TOTAL,Total,GINI_HND,Gini coefficient (scale from 0 to 100),HU,Hungary,2014,,28.6,,,,,
dataflow,ESTAT:TESSI190(1.0),Gini coefficient of equivalised disposable income,A,Annual,TOTAL,Total,GINI_HND,Gini coefficient (scale from 0 to 100),HU,Hungary,2015,,28.2,,,,,
dataflow,ESTAT:TESSI190(1.0),Gini coefficient of equivalised disposable income,A,Annual,TOTAL,Total,GINI_HND,Gini coefficient (scale from 0 to 100),HU,Hungary,2016,,28.2,,,,,
dataflow,ESTAT:TESSI190(1.0),Gini coefficient of equivalised disposable income,A,Annual,TOTAL,Total,GINI_HND,Gini coefficient (scale from 0 to 100),HU,Hungary,2017,,28.1,,,,,
dataflow,ESTAT:TESSI190(1.0),Gini coefficient of equivalised disposable income,A,Annual,TOTAL,Total,GINI_HND,Gini coefficient (scale from 0 to 100),HU,Hungary,2018,,28.7,,,,,
dataflow,ESTAT:TESSI190(1.0),Gini coefficient of equivalised disposable income,A,Annual,TOTAL,Total,GINI_HND,Gini coefficient (scale from 0 to 100),HU,Hungary,2019,,28.0,,,,,
dataflow,ESTAT:TESSI190(1.0),Gini coefficient of equivalised disposable income,A,Annual,TOTAL,Total,GINI_HND,Gini coefficient (scale from 0 to 100),HU,Hungary,2020,,28.0,,,,,
dataflow,ESTAT:TESSI190(1.0),Gini coefficient of equivalised disposable income,A,Annual,TOTAL,Total,GINI_HND,Gini coefficient (scale from 0 to 100),HU,Hungary,2021,,27.6,,,,,
dataflow,ESTAT:TESSI190(1.0),Gini coefficient of equivalised disposable income,A,Annual,TOTAL,Total,GINI_HND,Gini coefficient (scale from 0 to 100),HU,Hungary,2022,,27.4,,,,,
dataflow,ESTAT:TESSI190(1.0),Gini coefficient of equivalised disposable income,A,Annual,TOTAL,Total,GINI_HND,Gini coefficient (scale from 0 to 100),HU,Hungary,2023,,29.0,,,,,
dataflow,ESTAT:TESSI190(1.0),Gini coefficient of equivalised disposable income,A,Annual,TOTAL,Total,GINI_HND,Gini coefficient (scale from 0 to 100),HU,Hungary,2024,,27.6,,,,,
dataflow,ESTAT:TESSI190(1.0),Gini coefficient of equivalised disposable income,A,Annual,TOTAL,Total,GINI_HND,Gini coefficient (scale from 0 to 100),IE,Ireland,2014,,31.0,,,,,
dataflow,ESTAT:TESSI190(1.0),Gini coefficient of equivalised disposable income,A,Annual,TOTAL,Total,GINI_HND,Gini coefficient (scale from 0 to 100),IE,Ireland,2015,,29.7,,,,,
dataflow,ESTAT:TESSI190(1.0),Gini coefficient of equivalised disposable income,A,Annual,TOTAL,Total,GINI_HND,Gini coefficient (scale from 0 to 100),IE,Ireland,2016,,29.6,,,,,
dataflow,ESTAT:TESSI190(1.0),Gini coefficient of equivalised disposable income,A,Annual,TOTAL,Total,GINI_HND,Gini coefficient (scale from 0 to 100),IE,Ireland,2017,,30.6,,,,,
dataflow,ESTAT:TESSI190(1.0),Gini coefficient of equivalised disposable income,A,Annual,TOTAL,Total,GINI_HND,Gini coefficient (scale from 0 to 100),IE,Ireland,2018,,28.9,,,,,
dataflow,ESTAT:TESSI190(1.0),Gini coefficient of equivalised disposable income,A,Annual,TOTAL,Total,GINI_HND,Gini coefficient (scale from 0 to 100),IE,Ireland,2019,,28.0,,b,break in time series,,
dataflow,ESTAT:TESSI190(1.0),Gini coefficient of equivalised disposable income,A,Annual,TOTAL,Total,GINI_HND,Gini coefficient (scale from 0 to 100),IE,Ireland,2020,,27.6,,b,break in time series,,
dataflow,ESTAT:TESSI190(1.0),Gini coefficient of equivalised disposable income,A,Annual,TOTAL,Total,GINI_HND,Gini coefficient (scale from 0 to 100),IE,Ireland,2021,,26.6,,,,,
dataflow,ESTAT:TESSI190(1.0),Gini coefficient of equivalised disposable income,A,Annual,TOTAL,Total,GINI_HND,Gini coefficient (scale from 0 to 100),IE,Ireland,2022,,26.9,,,,,
dataflow,ESTAT:TESSI190(1.0),Gini coefficient of equivalised disposable income,A,Annual,TOTAL,Total,GINI_HND,Gini coefficient (scale from 0 to 100),IE,Ireland,2023,,27.4,,,,,
dataflow,ESTAT:TESSI190(1.0),Gini coefficient of equivalised disposable income,A,Annual,TOTAL,Total,GINI_HND,Gini coefficient (scale from 0 to 100),IE,Ireland,2024,,26.2,,,,,
dataflow,ESTAT:TESSI190(1.0),Gini coefficient of equivalised disposable income,A,Annual,TOTAL,Total,GINI_HND,Gini coefficient (scale from 0 to 100),IS,Iceland,2014,,22.7,,,,,
dataflow,ESTAT:TESSI190(1.0),Gini coefficient of equivalised disposable income,A,Annual,TOTAL,Total,GINI_HND,Gini coefficient (scale from 0 to 100),IS,Iceland,2015,,24.7,,,,,
dataflow,ESTAT:TESSI190(1.0),Gini coefficient of equivalised disposable income,A,Annual,TOTAL,Total,GINI_HND,Gini coefficient (scale from 0 to 100),IS,Iceland,2016,,24.1,,,,,
dataflow,ESTAT:TESSI190(1.0),Gini coefficient of equivalised disposable income,A,Annual,TOTAL,Total,GINI_HND,Gini coefficient (scale from 0 to 100),IS,Iceland,2017,,25.2,,,,,
dataflow,ESTAT:TESSI190(1.0),Gini coefficient of equivalised disposable income,A,Annual,TOTAL,Total,GINI_HND,Gini coefficient (scale from 0 to 100),IS,Iceland,2018,,23.2,,,,,
dataflow,ESTAT:TESSI190(1.0),Gini coefficient of equivalised disposable income,A,Annual,TOTAL,Total,GINI_HND,Gini coefficient (scale from 0 to 100),IS,Iceland,2019,,23.7,,,,,
dataflow,ESTAT:TESSI190(1.0),Gini coefficient of equivalised disposable income,A,Annual,TOTAL,Total,GINI_HND,Gini coefficient (scale from 0 to 100),IS,Iceland,2020,,24.0,,,,,
dataflow,ESTAT:TESSI190(1.0),Gini coefficient of equivalised disposable income,A,Annual,TOTAL,Total,GINI_HND,Gini coefficient (scale from 0 to 100),IT,Italy,2014,,32.4,,,,,
dataflow,ESTAT:TESSI190(1.0),Gini coefficient of equivalised disposable income,A,Annual,TOTAL,Total,GINI_HND,Gini coefficient (scale from 0 to 100),IT,Italy,2015,,32.4,,,,,
dataflow,ESTAT:TESSI190(1.0),Gini coefficient of equivalised disposable income,A,Annual,TOTAL,Total,GINI_HND,Gini coefficient (scale from 0 to 100),IT,Italy,2016,,33.1,,,,,
dataflow,ESTAT:TESSI190(1.0),Gini coefficient of equivalised disposable income,A,Annual,TOTAL,Total,GINI_HND,Gini coefficient (scale from 0 to 100),IT,Italy,2017,,32.7,,,,,
dataflow,ESTAT:TESSI190(1.0),Gini coefficient of equivalised disposable income,A,Annual,TOTAL,Total,GINI_HND,Gini coefficient (scale from 0 to 100),IT,Italy,2018,,33.4,,,,,
dataflow,ESTAT:TESSI190(1.0),Gini coefficient of equivalised disposable income,A,Annual,TOTAL,Total,GINI_HND,Gini coefficient (scale from 0 to 100),IT,Italy,2019,,32.8,,,,,
dataflow,ESTAT:TESSI190(1.0),Gini coefficient of equivalised disposable income,A,Annual,TOTAL,Total,GINI_HND,Gini coefficient (scale from 0 to 100),IT,Italy,2020,,32.5,,,,,
dataflow,ESTAT:TESSI190(1.0),Gini coefficient of equivalised disposable income,A,Annual,TOTAL,Total,GINI_HND,Gini coefficient (scale from 0 to 100),IT,Italy,2021,,32.9,,,,,
dataflow,ESTAT:TESSI190(1.0),Gini coefficient of equivalised disposable income,A,Annual,TOTAL,Total,GINI_HND,Gini coefficient (scale from 0 to 100),IT,Italy,2022,,32.7,,,,,
dataflow,ESTAT:TESSI190(1.0),Gini coefficient of equivalised disposable income,A,Annual,TOTAL,Total,GINI_HND,Gini coefficient (scale from 0 to 100),IT,Italy,2023,,31.5,,,,,
dataflow,ESTAT:TESSI190(1.0),Gini coefficient of equivalised disposable income,A,Annual,TOTAL,Total,GINI_HND,Gini coefficient (scale from 0 to 100),IT,Italy,2024,,32.2,,,,,
dataflow,ESTAT:TESSI190(1.0),Gini coefficient of equivalised disposable income,A,Annual,TOTAL,Total,GINI_HND,Gini coefficient (scale from 0 to 100),LT,Lithuania,2014,,35.0,,,,,
dataflow,ESTAT:TESSI190(1.0),Gini coefficient of equivalised disposable income,A,Annual,TOTAL,Total,GINI_HND,Gini coefficient (scale from 0 to 100),LT,Lithuania,2015,,37.9,,,,,
dataflow,ESTAT:TESSI190(1.0),Gini coefficient of equivalised disposable income,A,Annual,TOTAL,Total,GINI_HND,Gini coefficient (scale from 0 to 100),LT,Lithuania,2016,,37.0,,,,,
dataflow,ESTAT:TESSI190(1.0),Gini coefficient of equivalised disposable income,A,Annual,TOTAL,Total,GINI_HND,Gini coefficient (scale from 0 to 100),LT,Lithuania,2017,,37.6,,,,,
dataflow,ESTAT:TESSI190(1.0),Gini coefficient of equivalised disposable income,A,Annual,TOTAL,Total,GINI_HND,Gini coefficient (scale from 0 to 100),LT,Lithuania,2018,,36.9,,,,,
dataflow,ESTAT:TESSI190(1.0),Gini coefficient of equivalised disposable income,A,Annual,TOTAL,Total,GINI_HND,Gini coefficient (scale from 0 to 100),LT,Lithuania,2019,,35.4,,,,,
dataflow,ESTAT:TESSI190(1.0),Gini coefficient of equivalised disposable income,A,Annual,TOTAL,Total,GINI_HND,Gini coefficient (scale from 0 to 100),LT,Lithuania,2020,,35.1,,,,,
dataflow,ESTAT:TESSI190(1.0),Gini coefficient of equivalised disposable income,A,Annual,TOTAL,Total,GINI_HND,Gini coefficient (scale from 0 to 100),LT,Lithuania,2021,,35.4,,,,,
dataflow,ESTAT:TESSI190(1.0),Gini coefficient of equivalised disposable income,A,Annual,TOTAL,Total,GINI_HND,Gini coefficient (scale from 0 to 100),LT,Lithuania,2022,,36.2,,,,,
dataflow,ESTAT:TESSI190(1.0),Gini coefficient of equivalised disposable income,A,Annual,TOTAL,Total,GINI_HND,Gini coefficient (scale from 0 to 100),LT,Lithuania,2023,,35.7,,,,,
dataflow,ESTAT:TESSI190(1.0),Gini coefficient of equivalised disposable income,A,Annual,TOTAL,Total,GINI_HND,Gini coefficient (scale from 0 to 100),LU,Luxembourg,2014,,28.7,,,,,
dataflow,ESTAT:TESSI190(1.0),Gini coefficient of equivalised disposable income,A,Annual,TOTAL,Total,GINI_HND,Gini coefficient (scale from 0 to 100),LU,Luxembourg,2015,,28.5,,,,,
dataflow,ESTAT:TESSI190(1.0),Gini coefficient of equivalised disposable income,A,Annual,TOTAL,Total,GINI_HND,Gini coefficient (scale from 0 to 100),LU,Luxembourg,2016,,29.6,,b,break in time series,,
dataflow,ESTAT:TESSI190(1.0),Gini coefficient of equivalised disposable income,A,Annual,TOTAL,Total,GINI_HND,Gini coefficient (scale from 0 to 100),LU,Luxembourg,2017,,29.2,,,,,
dataflow,ESTAT:TESSI190(1.0),Gini coefficient of equivalised disposable income,A,Annual,TOTAL,Total,GINI_HND,Gini coefficient (scale from 0 to 100),LU,Luxembourg,2018,,31.3,,,,,
dataflow,ESTAT:TESSI190(1.0),Gini coefficient of equivalised disposable income,A,Annual,TOTAL,Total,GINI_HND,Gini coefficient (scale from 0 to 100),LU,Luxembourg,2019,,32.3,,,,,
dataflow,ESTAT:TESSI190(1.0),Gini coefficient of equivalised disposable income,A,Annual,TOTAL,Total,GINI_HND,Gini coefficient (scale from 0 to 100),LU,Luxembourg,2020,,31.2,,b,break in time series,,
dataflow,ESTAT:TESSI190(1.0),Gini coefficient of equivalised disposable income,A,Annual,TOTAL,Total,GINI_HND,Gini coefficient (scale from 0 to 100),LU,Luxembourg,2021,,29.6,,b,break in time series,,
dataflow,ESTAT:TESSI190(1.0),Gini coefficient of equivalised disposable income,A,Annual,TOTAL,Total,GINI_HND,Gini coefficient (scale from 0 to 100),LU,Luxembourg,2022,,29.1,,b,break in time series,,
dataflow,ESTAT:TESSI190(1.0),Gini coefficient of equivalised disposable income,A,Annual,TOTAL,Total,GINI_HND,Gini coefficient (scale from 0 to 100),LU,Luxembourg,2023,,30.6,,,,,
dataflow,ESTAT:TESSI190(1.0),Gini coefficient of equivalised disposable income,A,Annual,TOTAL,Total,GINI_HND,Gini coefficient (scale from 0 to 100),LU,Luxembourg,2024,,30.1,,,,,
dataflow,ESTAT:TESSI190(1.0),Gini coefficient of equivalised disposable income,A,Annual,TOTAL,Total,GINI_HND,Gini coefficient (scale from 0 to 100),LV,Latvia,2014,,35.5,,,,,
dataflow,ESTAT:TESSI190(1.0),Gini coefficient of equivalised disposable income,A,Annual,TOTAL,Total,GINI_HND,Gini coefficient (scale from 0 to 100),LV,Latvia,2015,,35.4,,,,,
dataflow,ESTAT:TESSI190(1.0),Gini coefficient of equivalised disposable income,A,Annual,TOTAL,Total,GINI_HND,Gini coefficient (scale from 0 to 100),LV,Latvia,2016,,34.5,,,,,
dataflow,ESTAT:TESSI190(1.0),Gini coefficient of equivalised disposable income,A,Annual,TOTAL,Total,GINI_HND,Gini coefficient (scale from 0 to 100),LV,Latvia,2017,,34.5,,,,,
dataflow,ESTAT:TESSI190(1.0),Gini coefficient of equivalised disposable income,A,Annual,TOTAL,Total,GINI_HND,Gini coefficient (scale from 0 to 100),LV,Latvia,2018,,35.6,,,,,
dataflow,ESTAT:TESSI190(1.0),Gini coefficient of equivalised disposable income,A,Annual,TOTAL,Total,GINI_HND,Gini coefficient (scale from 0 to 100),LV,Latvia,2019,,35.2,,,,,
dataflow,ESTAT:TESSI190(1.0),Gini coefficient of equivalised disposable income,A,Annual,TOTAL,Total,GINI_HND,Gini coefficient (scale from 0 to 100),LV,Latvia,2020,,34.5,,,,,
dataflow,ESTAT:TESSI190(1.0),Gini coefficient of equivalised disposable income,A,Annual,TOTAL,Total,GINI_HND,Gini coefficient (scale from 0 to 100),LV,Latvia,2021,,35.7,,,,,
dataflow,ESTAT:TESSI190(1.0),Gini coefficient of equivalised disposable income,A,Annual,TOTAL,Total,GINI_HND,Gini coefficient (scale from 0 to 100),LV,Latvia,2022,,34.3,,,,,
dataflow,ESTAT:TESSI190(1.0),Gini coefficient of equivalised disposable income,A,Annual,TOTAL,Total,GINI_HND,Gini coefficient (scale from 0 to 100),LV,Latvia,2023,,34.0,,,,,
dataflow,ESTAT:TESSI190(1.0),Gini coefficient of equivalised disposable income,A,Annual,TOTAL,Total,GINI_HND,Gini coefficient (scale from 0 to 100),LV,Latvia,2024,,34.2,,,,,
dataflow,ESTAT:TESSI190(1.0),Gini coefficient of equivalised disposable income,A,Annual,TOTAL,Total,GINI_HND,Gini coefficient (scale from 0 to 100),MK,North Macedonia,2014,,35.2,,,,,
dataflow,ESTAT:TESSI190(1.0),Gini coefficient of equivalised disposable income,A,Annual,TOTAL,Total,GINI_HND,Gini coefficient (scale from 0 to 100),MK,North Macedonia,2015,,33.7,,,,,
dataflow,ESTAT:TESSI190(1.0),Gini coefficient of equivalised disposable income,A,Annual,TOTAL,Total,GINI_HND,Gini coefficient (scale from 0 to 100),MK,North Macedonia,2016,,33.6,,,,,
dataflow,ESTAT:TESSI190(1.0),Gini coefficient of equivalised disposable income,A,Annual,TOTAL,Total,GINI_HND,Gini coefficient (scale from 0 to 100),MK,North Macedonia,2017,,32.4,,,,,
dataflow,ESTAT:TESSI190(1.0),Gini coefficient of equivalised disposable income,A,Annual,TOTAL,Total,GINI_HND,Gini coefficient (scale from 0 to 100),MK,North Macedonia,2018,,31.9,,,,,
dataflow,ESTAT:TESSI190(1.0),Gini coefficient of equivalised disposable income,A,Annual,TOTAL,Total,GINI_HND,Gini coefficient (scale from 0 to 100),MK,North Macedonia,2019,,30.7,,,,,
dataflow,ESTAT:TESSI190(1.0),Gini coefficient of equivalised disposable income,A,Annual,TOTAL,Total,GINI_HND,Gini coefficient (scale from 0 to 100),MK,North Macedonia,2020,,31.4,,,,,
dataflow,ESTAT:TESSI190(1.0),Gini coefficient of equivalised disposable income,A,Annual,TOTAL,Total,GINI_HND,Gini coefficient (scale from 0 to 100),MT,Malta,2014,,27.7,,,,,
dataflow,ESTAT:TESSI190(1.0),Gini coefficient of equivalised disposable income,A,Annual,TOTAL,Total,GINI_HND,Gini coefficient (scale from 0 to 100),MT,Malta,2015,,28.1,,,,,
dataflow,ESTAT:TESSI190(1.0),Gini coefficient of equivalised disposable income,A,Annual,TOTAL,Total,GINI_HND,Gini coefficient (scale from 0 to 100),MT,Malta,2016,,28.6,,,,,
dataflow,ESTAT:TESSI190(1.0),Gini coefficient of equivalised disposable income,A,Annual,TOTAL,Total,GINI_HND,Gini coefficient (scale from 0 to 100),MT,Malta,2017,,28.2,,,,,
dataflow,ESTAT:TESSI190(1.0),Gini coefficient of equivalised disposable income,A,Annual,TOTAL,Total,GINI_HND,Gini coefficient (scale from 0 to 100),MT,Malta,2018,,28.7,,,,,
dataflow,ESTAT:TESSI190(1.0),Gini coefficient of equivalised disposable income,A,Annual,TOTAL,Total,GINI_HND,Gini coefficient (scale from 0 to 100),MT,Malta,2019,,28.0,,,,,
dataflow,ESTAT:TESSI190(1.0),Gini coefficient of equivalised disposable income,A,Annual,TOTAL,Total,GINI_HND,Gini coefficient (scale from 0 to 100),MT,Malta,2020,,30.3,,,,,
dataflow,ESTAT:TESSI190(1.0),Gini coefficient of equivalised disposable income,A,Annual,TOTAL,Total,GINI_HND,Gini coefficient (scale from 0 to 100),MT,Malta,2021,,31.2,,,,,
dataflow,ESTAT:TESSI190(1.0),Gini coefficient of equivalised disposable income,A,Annual,TOTAL,Total,GINI_HND,Gini coefficient (scale from 0 to 100),MT,Malta,2022,,31.1,,,,,
dataflow,ESTAT:TESSI190(1.0),Gini coefficient of equivalised disposable income,A,Annual,TOTAL,Total,GINI_HND,Gini coefficient (scale from 0 to 100),MT,Malta,2023,,33.0,,,,,
dataflow,ESTAT:TESSI190(1.0),Gini coefficient of equivalised disposable income,A,Annual,TOTAL,Total,GINI_HND,Gini coefficient (scale from 0 to 100),NL,Netherlands,2014,,26.2,,,,,
dataflow,ESTAT:TESSI190(1.0),Gini coefficient of equivalised disposable income,A,Annual,TOTAL,Total,GINI_HND,Gini coefficient (scale from 0 to 100),NL,Netherlands,2015,,26.7,,,,,
dataflow,ESTAT:TESSI190(1.0),Gini coefficient of equivalised disposable income,A,Annual,TOTAL,Total,GINI_HND,Gini coefficient (scale from 0 to 100),NL,Netherlands,2016,,26.9,,b,break in time series,,
dataflow,ESTAT:TESSI190(1.0),Gini coefficient of equivalised disposable income,A,Annual,TOTAL,Total,GINI_HND,Gini coefficient (scale from 0 to 100),NL,Netherlands,2017,,27.1,,,,,
dataflow,ESTAT:TESSI190(1.0),Gini coefficient of equivalised disposable income,A,Annual,TOTAL,Total,GINI_HND,Gini coefficient (scale from 0 to 100),NL,Netherlands,2018,,27.4,,,,,
dataflow,ESTAT:TESSI190(1.0),Gini coefficient of equivalised disposable income,A,Annual,TOTAL,Total,GINI_HND,Gini coefficient (scale from 0 to 100),NL,Netherlands,2019,,26.8,,,,,
dataflow,ESTAT:TESSI190(1.0),Gini coefficient of equivalised disposable income,A,Annual,TOTAL,Total,GINI_HND,Gini coefficient (scale from 0 to 100),NL,Netherlands,2020,,28.2,,,,,
dataflow,ESTAT:TESSI190(1.0),Gini coefficient of equivalised disposable income,A,Annual,TOTAL,Total,GINI_HND,Gini coefficient (scale from 0 to 100),NL,Netherlands,2021,,26.4,,,,,
dataflow,ESTAT:TESSI190(1.0),Gini coefficient of equivalised disposable income,A,Annual,TOTAL,Total,GINI_HND,Gini coefficient (scale from 0 to 100),NL,Netherlands,2022,,26.3,,,,,
dataflow,ESTAT:TESSI190(1.0),Gini coefficient of equivalised disposable income,A,Annual,TOTAL,Total,GINI_HND,Gini coefficient (scale from 0 to 100),NL,Netherlands,2023,,26.5,,,,,
dataflow,ESTAT:TESSI190(1.0),Gini coefficient of equivalised disposable income,A,Annual,TOTAL,Total,GINI_HND,Gini coefficient (scale from 0 to 100),NL,Netherlands,2024,,25.9,,,,,
dataflow,ESTAT:TESSI190(1.0),Gini coefficient of equivalised disposable income,A,Annual,TOTAL,Total,GINI_HND,Gini coefficient (scale from 0 to 100),NO,Norway,2014,,23.5,,,,,
dataflow,ESTAT:TESSI190(1.0),Gini coefficient of equivalised disposable income,A,Annual,TOTAL,Total,GINI_HND,Gini coefficient (scale from 0 to 100),NO,Norway,2015,,23.9,,,,,
dataflow,ESTAT:TESSI190(1.0),Gini coefficient of equivalised disposable income,A,Annual,TOTAL,Total,GINI_HND,Gini coefficient (scale from 0 to 100),NO,Norway,2016,,25.0,,,,,
dataflow,ESTAT:TESSI190(1.0),Gini coefficient of equivalised disposable income,A,Annual,TOTAL,Total,GINI_HND,Gini coefficient (scale from 0 to 100),NO,Norway,2017,,26.1,,,,,
dataflow,ESTAT:TESSI190(1.0),Gini coefficient of equivalised disposable income,A,Annual,TOTAL,Total,GINI_HND,Gini coefficient (scale from 0 to 100),NO,Norway,2018,,24.8,,,,,
dataflow,ESTAT:TESSI190(1.0),Gini coefficient of equivalised disposable income,A,Annual,TOTAL,Total,GINI_HND,Gini coefficient (scale from 0 to 100),NO,Norway,2019,,25.4,,,,,
dataflow,ESTAT:TESSI190(1.0),Gini coefficient of equivalised disposable income,A,Annual,TOTAL,Total,GINI_HND,Gini coefficient (scale from 0 to 100),NO,Norway,2020,,25.3,,,,,
dataflow,ESTAT:TESSI190(1.0),Gini coefficient of equivalised disposable income,A,Annual,TOTAL,Total,GINI_HND,Gini coefficient (scale from 0 to 100),NO,Norway,2021,,25.9,,b,break in time series,,
dataflow,ESTAT:TESSI190(1.0),Gini coefficient of equivalised disposable income,A,Annual,TOTAL,Total,GINI_HND,Gini coefficient (scale from 0 to 100),NO,Norway,2022,,27.5,,,,,
dataflow,ESTAT:TESSI190(1.0),Gini coefficient of equivalised disposable income,A,Annual,TOTAL,Total,GINI_HND,Gini coefficient (scale from 0 to 100),NO,Norway,2023,,24.7,,b,break in time series,,
dataflow,ESTAT:TESSI190(1.0),Gini coefficient of equivalised disposable income,A,Annual,TOTAL,Total,GINI_HND,Gini coefficient (scale from 0 to 100),NO,Norway,2024,,24.4,,,,,
dataflow,ESTAT:TESSI190(1.0),Gini coefficient of equivalised disposable income,A,Annual,TOTAL,Total,GINI_HND,Gini coefficient (scale from 0 to 100),PL,Poland,2014,,30.8,,,,,
dataflow,ESTAT:TESSI190(1.0),Gini coefficient of equivalised disposable income,A,Annual,TOTAL,Total,GINI_HND,Gini coefficient (scale from 0 to 100),PL,Poland,2015,,30.6,,,,,
dataflow,ESTAT:TESSI190(1.0),Gini coefficient of equivalised disposable income,A,Annual,TOTAL,Total,GINI_HND,Gini coefficient (scale from 0 to 100),PL,Poland,2016,,29.8,,,,,
dataflow,ESTAT:TESSI190(1.0),Gini coefficient of equivalised disposable income,A,Annual,TOTAL,Total,GINI_HND,Gini coefficient (scale from 0 to 100),PL,Poland,2017,,29.2,,,,,
dataflow,ESTAT:TESSI190(1.0),Gini coefficient of equivalised disposable income,A,Annual,TOTAL,Total,GINI_HND,Gini coefficient (scale from 0 to 100),PL,Poland,2018,,27.8,,,,,
dataflow,ESTAT:TESSI190(1.0),Gini coefficient of equivalised disposable income,A,Annual,TOTAL,Total,GINI_HND,Gini coefficient (scale from 0 to 100),PL,Poland,2019,,28.5,,,,,
dataflow,ESTAT:TESSI190(1.0),Gini coefficient of equivalised disposable income,A,Annual,TOTAL,Total,GINI_HND,Gini coefficient (scale from 0 to 100),PL,Poland,2020,,27.2,,,,,
dataflow,ESTAT:TESSI190(1.0),Gini coefficient of equivalised disposable income,A,Annual,TOTAL,Total,GINI_HND,Gini coefficient (scale from 0 to 100),PL,Poland,2021,,26.8,,,,,
dataflow,ESTAT:TESSI190(1.0),Gini coefficient of equivalised disposable income,A,Annual,TOTAL,Total,GINI_HND,Gini coefficient (scale from 0 to 100),PL,Poland,2022,,26.3,,,,,
dataflow,ESTAT:TESSI190(1.0),Gini coefficient of equivalised disposable income,A,Annual,TOTAL,Total,GINI_HND,Gini coefficient (scale from 0 to 100),PL,Poland,2023,,27.0,,,,,
dataflow,ESTAT:TESSI190(1.0),Gini coefficient of equivalised disposable income,A,Annual,TOTAL,Total,GINI_HND,Gini coefficient (scale from 0 to 100),PL,Poland,2024,,26.0,,,,,
dataflow,ESTAT:TESSI190(1.0),Gini coefficient of equivalised disposable income,A,Annual,TOTAL,Total,GINI_HND,Gini coefficient (scale from 0 to 100),PT,Portugal,2014,,34.5,,,,,
dataflow,ESTAT:TESSI190(1.0),Gini coefficient of equivalised disposable income,A,Annual,TOTAL,Total,GINI_HND,Gini coefficient (scale from 0 to 100),PT,Portugal,2015,,34.0,,,,,
dataflow,ESTAT:TESSI190(1.0),Gini coefficient of equivalised disposable income,A,Annual,TOTAL,Total,GINI_HND,Gini coefficient (scale from 0 to 100),PT,Portugal,2016,,33.9,,,,,
dataflow,ESTAT:TESSI190(1.0),Gini coefficient of equivalised disposable income,A,Annual,TOTAL,Total,GINI_HND,Gini coefficient (scale from 0 to 100),PT,Portugal,2017,,33.5,,,,,
dataflow,ESTAT:TESSI190(1.0),Gini coefficient of equivalised disposable income,A,Annual,TOTAL,Total,GINI_HND,Gini coefficient (scale from 0 to 100),PT,Portugal,2018,,32.1,,,,,
dataflow,ESTAT:TESSI190(1.0),Gini coefficient of equivalised disposable income,A,Annual,TOTAL,Total,GINI_HND,Gini coefficient (scale from 0 to 100),PT,Portugal,2019,,31.9,,,,,
dataflow,ESTAT:TESSI190(1.0),Gini coefficient of equivalised disposable income,A,Annual,TOTAL,Total,GINI_HND,Gini coefficient (scale from 0 to 100),PT,Portugal,2020,,31.2,,,,,
dataflow,ESTAT:TESSI190(1.0),Gini coefficient of equivalised disposable income,A,Annual,TOTAL,Total,GINI_HND,Gini coefficient (scale from 0 to 100),PT,Portugal,2021,,33.0,,,,,
dataflow,ESTAT:TESSI190(1.0),Gini coefficient of equivalised disposable income,A,Annual,TOTAL,Total,GINI_HND,Gini coefficient (scale from 0 to 100),PT,Portugal,2022,,32.0,,,,,
dataflow,ESTAT:TESSI190(1.0),Gini coefficient of equivalised disposable income,A,Annual,TOTAL,Total,GINI_HND,Gini coefficient (scale from 0 to 100),PT,Portugal,2023,,33.7,,,,,
dataflow,ESTAT:TESSI190(1.0),Gini coefficient of equivalised disposable income,A,Annual,TOTAL,Total,GINI_HND,Gini coefficient (scale from 0 to 100),PT,Portugal,2024,,31.9,,,,,
dataflow,ESTAT:TESSI190(1.0),Gini coefficient of equivalised disposable income,A,Annual,TOTAL,Total,GINI_HND,Gini coefficient (scale from 0 to 100),RO,Romania,2014,,35.0,,,,,
dataflow,ESTAT:TESSI190(1.0),Gini coefficient of equivalised disposable income,A,Annual,TOTAL,Total,GINI_HND,Gini coefficient (scale from 0 to 100),RO,Romania,2015,,37.4,,,,,
dataflow,ESTAT:TESSI190(1.0),Gini coefficient of equivalised disposable income,A,Annual,TOTAL,Total,GINI_HND,Gini coefficient (scale from 0 to 100),RO,Romania,2016,,34.7,,,,,
dataflow,ESTAT:TESSI190(1.0),Gini coefficient of equivalised disposable income,A,Annual,TOTAL,Total,GINI_HND,Gini coefficient (scale from 0 to 100),RO,Romania,2017,,33.1,,,,,
dataflow,ESTAT:TESSI190(1.0),Gini coefficient of equivalised disposable income,A,Annual,TOTAL,Total,GINI_HND,Gini coefficient (scale from 0 to 100),RO,Romania,2018,,35.1,,,,,
dataflow,ESTAT:TESSI190(1.0),Gini coefficient of equivalised disposable income,A,Annual,TOTAL,Total,GINI_HND,Gini coefficient (scale from 0 to 100),RO,Romania,2019,,34.8,,,,,
dataflow,ESTAT:TESSI190(1.0),Gini coefficient of equivalised disposable income,A,Annual,TOTAL,Total,GINI_HND,Gini coefficient (scale from 0 to 100),RO,Romania,2020,,33.8,,,,,
dataflow,ESTAT:TESSI190(1.0),Gini coefficient of equivalised disposable income,A,Annual,TOTAL,Total,GINI_HND,Gini coefficient (scale from 0 to 100),RO,Romania,2021,,34.3,,,,,
dataflow,ESTAT:TESSI190(1.0),Gini coefficient of equivalised disposable income,A,Annual,TOTAL,Total,GINI_HND,Gini coefficient (scale from 0 to 100),RO,Romania,2022,,32.0,,,,,
dataflow,ESTAT:TESSI190(1.0),Gini coefficient of equivalised disposable income,A,Annual,TOTAL,Total,GINI_HND,Gini coefficient (scale from 0 to 100),RO,Romania,2023,,31.0,,,,,
dataflow,ESTAT:TESSI190(1.0),Gini coefficient of equivalised disposable income,A,Annual,TOTAL,Total,GINI_HND,Gini coefficient (scale from 0 to 100),RO,Romania,2024,,28.0,,,,,
dataflow,ESTAT:TESSI190(1.0),Gini coefficient of equivalised disposable income,A,Annual,TOTAL,Total,GINI_HND,Gini coefficient (scale from 0 to 100),RS,Serbia,2014,,38.3,,,,,
dataflow,ESTAT:TESSI190(1.0),Gini coefficient of equivalised disposable income,A,Annual,TOTAL,Total,GINI_HND,Gini coefficient (scale from 0 to 100),RS,Serbia,2015,,40.0,,,,,
dataflow,ESTAT:TESSI190(1.0),Gini coefficient of equivalised disposable income,A,Annual,TOTAL,Total,GINI_HND,Gini coefficient (scale from 0 to 100),RS,Serbia,2016,,39.8,,,,,
dataflow,ESTAT:TESSI190(1.0),Gini coefficient of equivalised disposable income,A,Annual,TOTAL,Total,GINI_HND,Gini coefficient (scale from 0 to 100),RS,Serbia,2017,,37.8,,,,,
dataflow,ESTAT:TESSI190(1.0),Gini coefficient of equivalised disposable income,A,Annual,TOTAL,Total,GINI_HND,Gini coefficient (scale from 0 to 100),RS,Serbia,2018,,35.6,,,,,
dataflow,ESTAT:TESSI190(1.0),Gini coefficient of equivalised disposable income,A,Annual,TOTAL,Total,GINI_HND,Gini coefficient (scale from 0 to 100),RS,Serbia,2019,,33.6,,,,,
dataflow,ESTAT:TESSI190(1.0),Gini coefficient of equivalised disposable income,A,Annual,TOTAL,Total,GINI_HND,Gini coefficient (scale from 0 to 100),RS,Serbia,2020,,33.8,,,,,
dataflow,ESTAT:TESSI190(1.0),Gini coefficient of equivalised disposable income,A,Annual,TOTAL,Total,GINI_HND,Gini coefficient (scale from 0 to 100),RS,Serbia,2021,,33.3,,,,,
dataflow,ESTAT:TESSI190(1.0),Gini coefficient of equivalised disposable income,A,Annual,TOTAL,Total,GINI_HND,Gini coefficient (scale from 0 to 100),RS,Serbia,2022,,32.6,,,,,
dataflow,ESTAT:TESSI190(1.0),Gini coefficient of equivalised disposable income,A,Annual,TOTAL,Total,GINI_HND,Gini coefficient (scale from 0 to 100),RS,Serbia,2023,,31.7,,,,,
dataflow,ESTAT:TESSI190(1.0),Gini coefficient of equivalised disposable income,A,Annual,TOTAL,Total,GINI_HND,Gini coefficient (scale from 0 to 100),SE,Sweden,2014,,26.9,,,,,
dataflow,ESTAT:TESSI190(1.0),Gini coefficient of equivalised disposable income,A,Annual,TOTAL,Total,GINI_HND,Gini coefficient (scale from 0 to 100),SE,Sweden,2015,,26.7,,,,,
dataflow,ESTAT:TESSI190(1.0),Gini coefficient of equivalised disposable income,A,Annual,TOTAL,Total,GINI_HND,Gini coefficient (scale from 0 to 100),SE,Sweden,2016,,27.6,,,,,
dataflow,ESTAT:TESSI190(1.0),Gini coefficient of equivalised disposable income,A,Annual,TOTAL,Total,GINI_HND,Gini coefficient (scale from 0 to 100),SE,Sweden,2017,,28.0,,,,,
dataflow,ESTAT:TESSI190(1.0),Gini coefficient of equivalised disposable income,A,Annual,TOTAL,Total,GINI_HND,Gini coefficient (scale from 0 to 100),SE,Sweden,2018,,27.0,,,,,
dataflow,ESTAT:TESSI190(1.0),Gini coefficient of equivalised disposable income,A,Annual,TOTAL,Total,GINI_HND,Gini coefficient (scale from 0 to 100),SE,Sweden,2019,,27.6,,,,,
dataflow,ESTAT:TESSI190(1.0),Gini coefficient of equivalised disposable income,A,Annual,TOTAL,Total,GINI_HND,Gini coefficient (scale from 0 to 100),SE,Sweden,2020,,26.9,,,,,
dataflow,ESTAT:TESSI190(1.0),Gini coefficient of equivalised disposable income,A,Annual,TOTAL,Total,GINI_HND,Gini coefficient (scale from 0 to 100),SE,Sweden,2021,,26.8,,,,,
dataflow,ESTAT:TESSI190(1.0),Gini coefficient of equivalised disposable income,A,Annual,TOTAL,Total,GINI_HND,Gini coefficient (scale from 0 to 100),SE,Sweden,2022,,27.6,,,,,
dataflow,ESTAT:TESSI190(1.0),Gini coefficient of equivalised disposable income,A,Annual,TOTAL,Total,GINI_HND,Gini coefficient (scale from 0 to 100),SE,Sweden,2023,,29.5,,,,,
dataflow,ESTAT:TESSI190(1.0),Gini coefficient of equivalised disposable income,A,Annual,TOTAL,Total,GINI_HND,Gini coefficient (scale from 0 to 100),SE,Sweden,2024,,27.6,,,,,
dataflow,ESTAT:TESSI190(1.0),Gini coefficient of equivalised disposable income,A,Annual,TOTAL,Total,GINI_HND,Gini coefficient (scale from 0 to 100),SI,Slovenia,2014,,25.0,,,,,
dataflow,ESTAT:TESSI190(1.0),Gini coefficient of equivalised disposable income,A,Annual,TOTAL,Total,GINI_HND,Gini coefficient (scale from 0 to 100),SI,Slovenia,2015,,24.5,,,,,
dataflow,ESTAT:TESSI190(1.0),Gini coefficient of equivalised disposable income,A,Annual,TOTAL,Total,GINI_HND,Gini coefficient (scale from 0 to 100),SI,Slovenia,2016,,24.4,,,,,
dataflow,ESTAT:TESSI190(1.0),Gini coefficient of equivalised disposable income,A,Annual,TOTAL,Total,GINI_HND,Gini coefficient (scale from 0 to 100),SI,Slovenia,2017,,23.7,,,,,
dataflow,ESTAT:TESSI190(1.0),Gini coefficient of equivalised disposable income,A,Annual,TOTAL,Total,GINI_HND,Gini coefficient (scale from 0 to 100),SI,Slovenia,2018,,23.4,,,,,
dataflow,ESTAT:TESSI190(1.0),Gini coefficient of equivalised disposable income,A,Annual,TOTAL,Total,GINI_HND,Gini coefficient (scale from 0 to 100),SI,Slovenia,2019,,23.9,,,,,
dataflow,ESTAT:TESSI190(1.0),Gini coefficient of equivalised disposable income,A,Annual,TOTAL,Total,GINI_HND,Gini coefficient (scale from 0 to 100),SI,Slovenia,2020,,23.5,,,,,
dataflow,ESTAT:TESSI190(1.0),Gini coefficient of equivalised disposable income,A,Annual,TOTAL,Total,GINI_HND,Gini coefficient (scale from 0 to 100),SI,Slovenia,2021,,23.0,,,,,
dataflow,ESTAT:TESSI190(1.0),Gini coefficient of equivalised disposable income,A,Annual,TOTAL,Total,GINI_HND,Gini coefficient (scale from 0 to 100),SI,Slovenia,2022,,23.1,,,,,
dataflow,ESTAT:TESSI190(1.0),Gini coefficient of equivalised disposable income,A,Annual,TOTAL,Total,GINI_HND,Gini coefficient (scale from 0 to 100),SI,Slovenia,2023,,23.4,,,,,
dataflow,ESTAT:TESSI190(1.0),Gini coefficient of equivalised disposable income,A,Annual,TOTAL,Total,GINI_HND,Gini coefficient (scale from 0 to 100),SI,Slovenia,2024,,23.8,,,,,
dataflow,ESTAT:TESSI190(1.0),Gini coefficient of equivalised disposable income,A,Annual,TOTAL,Total,GINI_HND,Gini coefficient (scale from 0 to 100),SK,Slovakia,2014,,26.1,,,,,
dataflow,ESTAT:TESSI190(1.0),Gini coefficient of equivalised disposable income,A,Annual,TOTAL,Total,GINI_HND,Gini coefficient (scale from 0 to 100),SK,Slovakia,2015,,23.7,,,,,
dataflow,ESTAT:TESSI190(1.0),Gini coefficient of equivalised disposable income,A,Annual,TOTAL,Total,GINI_HND,Gini coefficient (scale from 0 to 100),SK,Slovakia,2016,,24.3,,,,,
dataflow,ESTAT:TESSI190(1.0),Gini coefficient of equivalised disposable income,A,Annual,TOTAL,Total,GINI_HND,Gini coefficient (scale from 0 to 100),SK,Slovakia,2017,,23.2,,,,,
dataflow,ESTAT:TESSI190(1.0),Gini coefficient of equivalised disposable income,A,Annual,TOTAL,Total,GINI_HND,Gini coefficient (scale from 0 to 100),SK,Slovakia,2018,,20.9,,,,,
dataflow,ESTAT:TESSI190(1.0),Gini coefficient of equivalised disposable income,A,Annual,TOTAL,Total,GINI_HND,Gini coefficient (scale from 0 to 100),SK,Slovakia,2019,,22.8,,,,,
dataflow,ESTAT:TESSI190(1.0),Gini coefficient of equivalised disposable income,A,Annual,TOTAL,Total,GINI_HND,Gini coefficient (scale from 0 to 100),SK,Slovakia,2020,,20.9,,,,,
dataflow,ESTAT:TESSI190(1.0),Gini coefficient of equivalised disposable income,A,Annual,TOTAL,Total,GINI_HND,Gini coefficient (scale from 0 to 100),SK,Slovakia,2021,,21.8,,,,,
dataflow,ESTAT:TESSI190(1.0),Gini coefficient of equivalised disposable income,A,Annual,TOTAL,Total,GINI_HND,Gini coefficient (scale from 0 to 100),SK,Slovakia,2022,,21.2,,,,,
dataflow,ESTAT:TESSI190(1.0),Gini coefficient of equivalised disposable income,A,Annual,TOTAL,Total,GINI_HND,Gini coefficient (scale from 0 to 100),SK,Slovakia,2023,,21.6,,,,,
dataflow,ESTAT:TESSI190(1.0),Gini coefficient of equivalised disposable income,A,Annual,TOTAL,Total,GINI_HND,Gini coefficient (scale from 0 to 100),TR,Türkiye,2014,,41.2,,,,,
dataflow,ESTAT:TESSI190(1.0),Gini coefficient of equivalised disposable income,A,Annual,TOTAL,Total,GINI_HND,Gini coefficient (scale from 0 to 100),TR,Türkiye,2015,,41.9,,,,,
dataflow,ESTAT:TESSI190(1.0),Gini coefficient of equivalised disposable income,A,Annual,TOTAL,Total,GINI_HND,Gini coefficient (scale from 0 to 100),TR,Türkiye,2016,,42.6,,,,,
dataflow,ESTAT:TESSI190(1.0),Gini coefficient of equivalised disposable income,A,Annual,TOTAL,Total,GINI_HND,Gini coefficient (scale from 0 to 100),TR,Türkiye,2017,,43.0,,,,,
dataflow,ESTAT:TESSI190(1.0),Gini coefficient of equivalised disposable income,A,Annual,TOTAL,Total,GINI_HND,Gini coefficient (scale from 0 to 100),TR,Türkiye,2018,,43.0,,,,,
dataflow,ESTAT:TESSI190(1.0),Gini coefficient of equivalised disposable income,A,Annual,TOTAL,Total,GINI_HND,Gini coefficient (scale from 0 to 100),TR,Türkiye,2019,,41.7,,,,,
dataflow,ESTAT:TESSI190(1.0),Gini coefficient of equivalised disposable income,A,Annual,TOTAL,Total,GINI_HND,Gini coefficient (scale from 0 to 100),TR,Türkiye,2020,,43.4,,,,,
dataflow,ESTAT:TESSI190(1.0),Gini coefficient of equivalised disposable income,A,Annual,TOTAL,Total,GINI_HND,Gini coefficient (scale from 0 to 100),TR,Türkiye,2021,,42.5,,,,,
dataflow,ESTAT:TESSI190(1.0),Gini coefficient of equivalised disposable income,A,Annual,TOTAL,Total,GINI_HND,Gini coefficient (scale from 0 to 100),TR,Türkiye,2022,,45.3,,,,,
dataflow,ESTAT:TESSI190(1.0),Gini coefficient of equivalised disposable income,A,Annual,TOTAL,Total,GINI_HND,Gini coefficient (scale from 0 to 100),TR,Türkiye,2023,,44.2,,,,,
dataflow,ESTAT:TESSI190(1.0),Gini coefficient of equivalised disposable income,A,Annual,TOTAL,Total,GINI_HND,Gini coefficient (scale from 0 to 100),TR,Türkiye,2024,,44.8,,,,,
dataflow,ESTAT:TESSI190(1.0),Gini coefficient of equivalised disposable income,A,Annual,TOTAL,Total,GINI_HND,Gini coefficient (scale from 0 to 100),UK,United Kingdom,2014,,31.6,,,,,
dataflow,ESTAT:TESSI190(1.0),Gini coefficient of equivalised disposable income,A,Annual,TOTAL,Total,GINI_HND,Gini coefficient (scale from 0 to 100),UK,United Kingdom,2015,,32.4,,,,,
dataflow,ESTAT:TESSI190(1.0),Gini coefficient of equivalised disposable income,A,Annual,TOTAL,Total,GINI_HND,Gini coefficient (scale from 0 to 100),UK,United Kingdom,2016,,31.5,,,,,
dataflow,ESTAT:TESSI190(1.0),Gini coefficient of equivalised disposable income,A,Annual,TOTAL,Total,GINI_HND,Gini coefficient (scale from 0 to 100),UK,United Kingdom,2017,,33.1,,b,break in time series,,
dataflow,ESTAT:TESSI190(1.0),Gini coefficient of equivalised disposable income,A,Annual,TOTAL,Total,GINI_HND,Gini coefficient (scale from 0 to 100),UK,United Kingdom,2018,,33.5,,,,,
